code_type,code
even,4410
even,719
even,718
even,710
even,7122
even,7120
even,7121
even,2319
even,2314
even,2315
even,2312
even,2313
even,2310
even,2311
even,1129
even,1120
even,1121
even,1122
even,4322
even,4325
even,1125
even,1126
even,4326
even,270
even,279
even,520
even,2442
even,2443
even,2440
even,2441
even,4211
even,4210
even,4213
even,4212
even,440
even,4219
even,4422
even,4423
even,4420
even,4421
even,4426
even,4427
even,4424
even,4425
even,640
even,643
even,642
even,644
even,649
even,430
even,2615
even,2614
even,2613
even,2612
even,2611
even,2610
even,2619
even,7342
even,7340
even,7341
even,2639
even,2638
even,2733
even,2738
even,2739
even,5229
even,5223
even,5222
even,5221
even,5220
even,559
even,558
even,551
even,550
even,553
even,239
even,7391
even,230
even,4310
even,4311
even,4312
even,4313
even,4314
even,4315
even,4316
even,4317
even,2121
even,2120
even,2123
even,2122
even,2124
even,2129
even,2712
even,2713
even,2710
even,2711
even,2719
even,620
even,139
even,20
even,29
even,6249
even,2150
even,6322
even,6321
even,6320
even,6240
even,6241
even,6242
even,6243
even,2159
even,6329
even,7314
even,7311
even,7310
even,7313
even,7312
even,7131
even,7130
even,7132
even,2411
even,2413
even,6311
even,2419
even,240
even,249
even,6319
even,7144
even,7140
even,7141
even,7142
even,7143
even,510
even,1224
even,1223
even,1222
even,1221
even,1220
even,629
even,1229
even,6310
even,5548
even,5549
even,5542
even,5543
even,5540
even,5541
even,5544
even,656
even,4321
even,654
even,655
even,652
even,653
even,650
even,651
even,4323
even,659
even,2622
even,2623
even,2620
even,1123
even,1124
even,2629
even,4324
even,7351
even,7350
even,7352
even,4327
even,10
even,6216
even,6215
even,6214
even,6213
even,6212
even,6211
even,6210
even,6219
even,2621
even,5212
even,5210
even,5211
even,7320
even,7321
even,7322
even,322
even,323
even,320
even,321
even,324
even,329
even,2153
even,74
even,70
even,4320
even,79
even,78
even,7360
even,4122
even,4121
even,669
even,664
even,663
even,662
even,661
even,660
even,2521
even,2520
even,2522
even,2529
even,542
even,540
even,541
even,1313
even,1312
even,1311
even,1310
even,7399
even,1319
even,120
even,129
even,6312
even,2410
even,6259
even,130
even,410
even,1389
even,6253
even,6252
even,6251
even,6250
even,1380
even,419
even,319
even,4214
even,313
even,312
even,311
even,310
even,317
even,316
even,315
even,314
even,4129
even,4123
even,7361
even,7362
even,4120
even,4125
even,4124
even,2449
even,2412
even,60
even,61
even,258
even,259
even,253
even,250
even,251
even,256
even,257
even,254
even,255
even,730
even,738
even,2151
even,1212
even,2429
even,1210
even,1211
even,2152
even,1214
even,1215
even,2420
even,639
even,1218
even,2423
even,2734
even,2735
even,2736
even,2737
even,5111
even,5110
even,2732
even,5112
even,2635
even,2634
even,2637
even,2636
even,2631
even,2630
even,2633
even,2632
even,6419
even,6411
even,6410
even,6412
even,6222
even,6223
even,6220
even,6221
even,6229
even,4332
even,671
even,4330
even,7332
even,7331
even,7330
even,216
even,217
even,214
even,213
even,210
even,211
even,219
even,7113
even,7112
even,7111
even,7110
even,7114
even,2323
even,2322
even,2321
even,2320
even,2324
even,2329
even,679
even,4336
even,4337
even,4334
even,4335
even,670
even,4333
even,672
even,4331
even,260
even,30
even,269
even,59
even,57
even,50
even,534
even,533
even,532
even,531
even,530
even,1322
even,1323
even,1320
even,1321
even,1324
even,1329
even,9999
even,110
even,69
even,6260
even,6261
even,4417
even,4416
even,4415
even,4414
even,4413
even,4412
even,4411
even,6269
even,429
even,420
even,423
even,422
even,424
even,4112
even,4110
even,4111
even,5120
even,5121
even,5122
even,4119
even,7372
even,7371
even,7370
even,569
even,560
even,561
even,562
even,563
even,229
even,227
even,226
even,225
even,224
even,223
even,222
even,220
even,2212
even,2211
even,2210
even,2219
even,724
even,722
even,723
even,720
even,721
even,728
even,729
even,630
even,2439
even,1213
even,2433
even,2432
even,2431
even,2430
even,5520
even,5521
even,5522
even,49
even,2730
even,45
even,40
even,1111
even,1110
even,1113
even,1112
even,1115
even,1114
even,1117
even,1116
even,1119
even,1118
even,2422
even,2421
even,1219
even,2721
even,2720
even,2731
even,2729
even,1381
even,6239
even,6231
even,6230
even,6233
even,6232
part,5310
part,132
part,131
part,130
part,135
part,134
part,139
part,138
part,24
part,25
part,26
part,20
part,21
part,22
part,23
part,28
part,29
part,344
part,340
part,341
part,342
part,343
part,3353
part,348
part,349
part,12
part,914
part,118
part,59
part,50
part,52
part,19
part,532
part,530
part,539
part,538
part,319
part,318
part,313
part,312
part,311
part,310
part,316
part,315
part,314
part,9999
part,111
part,110
part,113
part,112
part,82
part,83
part,80
part,81
part,86
part,87
part,84
part,85
part,4280
part,4281
part,5313
part,5312
part,5311
part,4289
part,18
part,429
part,919
part,918
part,421
part,420
part,423
part,422
part,911
part,910
part,913
part,912
part,449
part,448
part,582
part,1338
part,580
part,1334
part,441
part,440
part,1331
part,1330
part,1333
part,589
part,1332
part,4811
part,38
part,3463
part,3462
part,3461
part,3460
part,4422
part,4420
part,4421
part,3469
part,3468
part,519
part,511
part,3465
part,513
part,512
part,339
part,338
part,3358
part,3352
part,331
part,330
part,333
part,332
part,3464
part,3452
part,3453
part,3450
part,3451
part,3368
part,3369
part,3458
part,3459
part,3360
part,3361
part,3362
part,3363
part,6
part,39
part,4429
part,4839
part,10
part,5180
part,5181
part,4831
part,4830
part,5189
part,5819
part,5810
part,5811
part,4819
part,30
part,3348
part,3349
part,49
part,3342
part,119
part,3340
part,3341
part,43
part,40
part,41
part,322
part,323
part,320
part,321
part,324
part,328
part,329
part,891
part,1339
part,899
part,5319
part,5318
part,3351
part,3350
part,489
part,510
part,484
part,3359
part,482
part,480
part,5830
part,5831
part,5839
part,1364
part,1362
part,1363
part,1360
part,1361
part,4810
part,1368
part,1369
sour,345
sour,347
sour,340
sour,7512
sour,7511
sour,7510
sour,3996
sour,3995
sour,3994
sour,3993
sour,3992
sour,7519
sour,3990
sour,4415
sour,5850
sour,5851
sour,5852
sour,5853
sour,5859
sour,2262
sour,2260
sour,2261
sour,9529
sour,9259
sour,9254
sour,9520
sour,9253
sour,9250
sour,9251
sour,4813
sour,4812
sour,4811
sour,4810
sour,4814
sour,4819
sour,9410
sour,9411
sour,9412
sour,9413
sour,9414
sour,9415
sour,9416
sour,9419
sour,3562
sour,3519
sour,7269
sour,3513
sour,3512
sour,3511
sour,3510
sour,7261
sour,7260
sour,7263
sour,7262
sour,3999
sour,99
sour,90
sour,3991
sour,559
sour,558
sour,555
sour,554
sour,557
sour,556
sour,551
sour,550
sour,553
sour,552
sour,1759
sour,1752
sour,1751
sour,1750
sour,3439
sour,874
sour,3433
sour,872
sour,3435
sour,870
sour,871
sour,3499
sour,7520
sour,7521
sour,370
sour,7529
sour,393
sour,392
sour,390
sour,3749
sour,3746
sour,3744
sour,3745
sour,3742
sour,3743
sour,3740
sour,3741
sour,9248
sour,9241
sour,9240
sour,9243
sour,9242
sour,178
sour,172
sour,170
sour,4829
sour,4826
sour,4827
sour,4824
sour,4825
sour,4822
sour,4823
sour,4820
sour,4821
sour,3524
sour,3525
sour,3522
sour,3523
sour,3520
sour,3521
sour,3229
sour,7332
sour,7219
sour,9294
sour,7210
sour,7211
sour,7212
sour,7213
sour,7214
sour,6213
sour,6212
sour,6211
sour,6210
sour,6219
sour,3232
sour,3233
sour,3230
sour,3231
sour,7320
sour,7321
sour,3234
sour,3235
sour,3239
sour,7329
sour,1769
sour,1762
sour,1763
sour,1760
sour,1761
sour,1764
sour,8629
sour,8624
sour,8620
sour,8621
sour,8622
sour,8623
sour,540
sour,541
sour,7193
sour,7192
sour,7191
sour,549
sour,7196
sour,7195
sour,7194
sour,6569
sour,6561
sour,6560
sour,6562
sour,410
sour,7539
sour,369
sour,7531
sour,7530
sour,360
sour,7532
sour,9252
sour,9521
sour,6179
sour,6176
sour,6177
sour,6174
sour,6175
sour,6172
sour,6173
sour,6170
sour,6171
sour,5872
sour,5873
sour,5870
sour,5871
sour,5879
sour,3759
sour,3751
sour,3750
sour,3753
sour,3752
sour,3754
sour,5130
sour,1848
sour,169
sour,160
sour,161
sour,162
sour,163
sour,6354
sour,6352
sour,6353
sour,6350
sour,6351
sour,6359
sour,1843
sour,6191
sour,4423
sour,6199
sour,4421
sour,3531
sour,3530
sour,3533
sour,3532
sour,3534
sour,3539
sour,1844
sour,6222
sour,6223
sour,6220
sour,6221
sour,6229
sour,9292
sour,9293
sour,9291
sour,9296
sour,9297
sour,7331
sour,9295
sour,9299
sour,3221
sour,3220
sour,7339
sour,3222
sour,3320
sour,3321
sour,3322
sour,3323
sour,3324
sour,3325
sour,3326
sour,3327
sour,3329
sour,1771
sour,1770
sour,1773
sour,1772
sour,1779
sour,1778
sour,8639
sour,8634
sour,8633
sour,8632
sour,8631
sour,8630
sour,59
sour,50
sour,533
sour,531
sour,530
sour,539
sour,5139
sour,5138
sour,9999
sour,1233
sour,6519
sour,6510
sour,3290
sour,6512
sour,5132
sour,429
sour,5131
sour,420
sour,423
sour,3293
sour,1841
sour,229
sour,220
sour,2213
sour,2212
sour,2211
sour,2210
sour,2217
sour,2216
sour,2215
sour,2214
sour,2219
sour,2218
sour,6699
sour,6693
sour,6692
sour,6691
sour,6690
sour,6695
sour,6694
sour,151
sour,150
sour,153
sour,152
sour,155
sour,154
sour,156
sour,159
sour,158
sour,7839
sour,7830
sour,7831
sour,7832
sour,7833
sour,7834
sour,6341
sour,6340
sour,6343
sour,6342
sour,6345
sour,6344
sour,6346
sour,6349
sour,6182
sour,6181
sour,6180
sour,6189
sour,7236
sour,7234
sour,7235
sour,7940
sour,7941
sour,7942
sour,7231
sour,7949
sour,7239
sour,6239
sour,6511
sour,6231
sour,6230
sour,6233
sour,6232
sour,3258
sour,3259
sour,3250
sour,3251
sour,3252
sour,3253
sour,3254
sour,3255
sour,3256
sour,3257
sour,819
sour,810
sour,3333
sour,3332
sour,3331
sour,3330
sour,3336
sour,3335
sour,3334
sour,3339
sour,3491
sour,1128
sour,1129
sour,1120
sour,1121
sour,1122
sour,1123
sour,1124
sour,1125
sour,520
sour,529
sour,1234
sour,1235
sour,1236
sour,1230
sour,1231
sour,1232
sour,4199
sour,4196
sour,4197
sour,4194
sour,4195
sour,4192
sour,4193
sour,4190
sour,4191
sour,439
sour,432
sour,433
sour,430
sour,431
sour,7391
sour,2229
sour,5149
sour,2222
sour,2223
sour,2220
sour,2221
sour,147
sour,144
sour,145
sour,142
sour,143
sour,140
sour,141
sour,7399
sour,148
sour,149
sour,7221
sour,7220
sour,7223
sour,7222
sour,7225
sour,7224
sour,7951
sour,7950
sour,7229
sour,7959
sour,1832
sour,1833
sour,1830
sour,1831
sour,3799
sour,1834
sour,1835
sour,3795
sour,3794
sour,3797
sour,3796
sour,3791
sour,3790
sour,3793
sour,3792
sour,2154
sour,2155
sour,2156
sour,2157
sour,2150
sour,2151
sour,2152
sour,2153
sour,6240
sour,6241
sour,6242
sour,6243
sour,2158
sour,2159
sour,3249
sour,7319
sour,3243
sour,3242
sour,3241
sour,3240
sour,7311
sour,7310
sour,7313
sour,3244
sour,829
sour,825
sour,826
sour,821
sour,820
sour,823
sour,822
sour,1712
sour,1711
sour,1710
sour,792
sour,791
sour,790
sour,1719
sour,1718
sour,799
sour,6253
sour,922
sour,6250
sour,7149
sour,7140
sour,7141
sour,7142
sour,519
sour,510
sour,512
sour,620
sour,627
sour,1222
sour,1221
sour,1220
sour,629
sour,628
sour,1229
sour,8241
sour,8614
sour,8611
sour,8610
sour,8613
sour,8612
sour,8619
sour,10
sour,5719
sour,19
sour,5712
sour,5711
sour,5710
sour,7368
sour,7369
sour,3579
sour,2239
sour,2238
sour,2231
sour,2230
sour,2233
sour,2232
sour,2235
sour,2234
sour,2237
sour,2236
sour,7361
sour,838
sour,839
sour,7812
sour,7813
sour,7810
sour,7811
sour,3492
sour,3493
sour,3490
sour,7819
sour,7249
sour,6259
sour,2142
sour,2141
sour,2140
sour,920
sour,6252
sour,6251
sour,923
sour,2149
sour,6254
sour,832
sour,833
sour,830
sour,831
sour,836
sour,837
sour,834
sour,835
sour,7360
sour,490
sour,7362
sour,7363
sour,7364
sour,7365
sour,7366
sour,7367
sour,9121
sour,3319
sour,3311
sour,3310
sour,3313
sour,3312
sour,3314
sour,784
sour,780
sour,782
sour,789
sour,60
sour,69
sour,7159
sour,7155
sour,7154
sour,7153
sour,7152
sour,7151
sour,7150
sour,630
sour,631
sour,632
sour,633
sour,1214
sour,1219
sour,6521
sour,6520
sour,6523
sour,6522
sour,6524
sour,6529
sour,5729
sour,5722
sour,5723
sour,5720
sour,5721
sour,5724
sour,1891
sour,1892
sour,3730
sour,3915
sour,3914
sour,3913
sour,3912
sour,3911
sour,3910
sour,3919
sour,6730
sour,6731
sour,6732
sour,6733
sour,6734
sour,6739
sour,4152
sour,4153
sour,4150
sour,4151
sour,4154
sour,4155
sour,4159
sour,216
sour,210
sour,218
sour,219
sour,6640
sour,6641
sour,6642
sour,6643
sour,3489
sour,3481
sour,3480
sour,3482
sour,6399
sour,6392
sour,6393
sour,6390
sour,6391
sour,6396
sour,6397
sour,6394
sour,6395
sour,1859
sour,6262
sour,6263
sour,4419
sour,4418
sour,1850
sour,1851
sour,1852
sour,1853
sour,4413
sour,4412
sour,4411
sour,6269
sour,919
sour,915
sour,914
sour,910
sour,3467
sour,3466
sour,3465
sour,3464
sour,3463
sour,3462
sour,3461
sour,840
sour,849
sour,7232
sour,7233
sour,7230
sour,1739
sour,1731
sour,1730
sour,750
sour,757
sour,756
sour,755
sour,754
sour,759
sour,7169
sour,7162
sour,7163
sour,7160
sour,7161
sour,7166
sour,7164
sour,7165
sour,1212
sour,3420
sour,1213
sour,1210
sour,1211
sour,636
sour,1111
sour,1110
sour,1113
sour,1112
sour,1115
sour,1114
sour,1119
sour,1118
sour,8419
sour,489
sour,8413
sour,8412
sour,8411
sour,8410
sour,8417
sour,8416
sour,8415
sour,8414
sour,6722
sour,6721
sour,6720
sour,6729
sour,4149
sour,4144
sour,4141
sour,4140
sour,4143
sour,4142
sour,6653
sour,6652
sour,6651
sour,6650
sour,1849
sour,4429
sour,4422
sour,1842
sour,4420
sour,1840
sour,4426
sour,4427
sour,4424
sour,4425
sour,3299
sour,7340
sour,7341
sour,5136
sour,5135
sour,5134
sour,5133
sour,3291
sour,3292
sour,7349
sour,850
sour,851
sour,852
sour,853
sour,859
sour,5229
sour,5228
sour,5223
sour,5222
sour,5221
sour,5220
sour,5227
sour,5226
sour,5225
sour,5224
sour,740
sour,741
sour,749
sour,7171
sour,7170
sour,7173
sour,7172
sour,7179
sour,613
sour,610
sour,611
sour,616
sour,614
sour,615
sour,8249
sour,8242
sour,8243
sour,8240
sour,1794
sour,8244
sour,3119
sour,3114
sour,3113
sour,3112
sour,3111
sour,3110
sour,8426
sour,3593
sour,8424
sour,8425
sour,8422
sour,8423
sour,8420
sour,8421
sour,3591
sour,8428
sour,8429
sour,9123
sour,499
sour,4224
sour,4225
sour,4226
sour,4220
sour,4221
sour,4222
sour,4223
sour,20
sour,29
sour,6719
sour,6712
sour,6710
sour,6711
sour,4139
sour,4130
sour,4131
sour,4132
sour,4133
sour,4134
sour,4135
sour,4136
sour,4137
sour,4431
sour,1873
sour,4432
sour,6662
sour,6663
sour,6660
sour,6661
sour,9120
sour,3592
sour,9122
sour,3590
sour,3594
sour,3599
sour,1872
sour,4430
sour,1870
sour,1871
sour,4439
sour,1878
sour,1879
sour,2118
sour,182
sour,2119
sour,180
sour,181
sour,2110
sour,2111
sour,2112
sour,2113
sour,2114
sour,2115
sour,2116
sour,2117
sour,7351
sour,7350
sour,7352
sour,7359
sour,869
sour,3449
sour,860
sour,3441
sour,3440
sour,3443
sour,3442
sour,5216
sour,5214
sour,5215
sour,5212
sour,5213
sour,5210
sour,5211
sour,5219
sour,8427
sour,775
sour,774
sour,777
sour,776
sour,771
sour,770
sour,773
sour,772
sour,779
sour,70
sour,660
sour,3129
sour,7619
sour,7614
sour,7615
sour,3120
sour,3121
sour,7610
sour,7611
sour,7612
sour,7613
sour,1469
sour,1465
sour,1464
sour,3529
sour,1461
sour,1460
sour,1463
sour,1462
sour,8431
sour,8430
sour,1315
sour,8432
sour,1313
sour,1312
sour,1311
sour,1310
sour,8439
sour,1319
sour,3122
sour,310
sour,449
sour,4129
sour,4198
sour,4123
sour,4122
sour,4121
sour,4120
sour,4125
sour,4124
sour,1239
sour,6675
sour,6674
sour,6676
sour,6671
sour,6670
sour,6673
sour,6672
sour,6679
sour,3610
sour,3611
sour,3612
sour,3613
sour,3614
sour,3615
sour,3616
sour,3618
sour,3619
sour,7290
sour,9132
sour,9131
sour,9130
sour,7294
sour,7295
sour,7296
sour,7299
sour,9139
sour,1861
sour,1860
sour,1862
sour,3729
sour,1869
sour,1868
sour,3720
sour,3721
sour,3722
sour,5115
sour,5114
sour,5111
sour,5110
sour,5113
sour,5112
sour,5119
sour,641
sour,879
sour,3430
sour,3431
sour,3432
sour,875
sour,3434
sour,873
sour,3436
sour,3437
sour,1242
sour,644
sour,890
sour,891
sour,892
sour,893
sour,894
sour,899
sour,649
sour,3236
sour,3237
sour,3540
sour,3541
sour,3542
sour,7323
sour,3549
sour,769
sour,760
sour,640
sour,7113
sour,7112
sour,7111
sour,7110
sour,7119
sour,643
sour,679
sour,670
sour,3131
sour,3130
sour,3133
sour,3132
sour,3139
sour,1322
sour,1320
sour,1321
sour,1329
sour,8139
sour,7322
sour,8130
sour,8131
sour,8132
sour,4114
sour,4112
sour,4113
sour,4110
sour,4111
sour,4119
sour,7424
sour,7423
sour,7422
sour,7421
sour,7420
sour,7429
sour,5158
sour,5780
sour,5781
sour,5782
sour,5783
sour,5788
sour,5789
sour,7931
sour,7930
sour,7939
sour,1899
sour,3739
sour,3734
sour,3733
sour,3732
sour,3731
sour,1893
sour,959
sour,2132
sour,2133
sour,2130
sour,2131
sour,951
sour,950
sour,953
sour,2139
sour,9219
sour,9212
sour,9213
sour,9210
sour,9211
sour,3429
sour,3428
sour,6260
sour,3423
sour,3422
sour,3421
sour,6261
sour,3427
sour,3426
sour,3425
sour,3424
sour,4417
sour,4416
sour,4853
sour,4852
sour,4851
sour,4850
sour,4414
sour,1854
sour,4410
sour,3552
sour,3551
sour,3550
sour,3559
sour,1799
sour,1793
sour,1792
sour,1791
sour,710
sour,7129
sour,7126
sour,7127
sour,7124
sour,7125
sour,7122
sour,7123
sour,7120
sour,7121
sour,7638
sour,7639
sour,7632
sour,7633
sour,7630
sour,7631
sour,7636
sour,7637
sour,7634
sour,7635
sour,4215
sour,4214
sour,4217
sour,4216
sour,4211
sour,4210
sour,4213
sour,4212
sour,440
sour,4219
sour,5779
sour,8129
sour,5771
sour,5770
sour,5773
sour,5772
sour,8121
sour,8120
sour,30
sour,1241
sour,1240
sour,1243
sour,642
sour,1244
sour,3123
sour,1249
sour,339
sour,330
sour,3124
sour,3125
sour,7199
sour,6613
sour,6612
sour,6611
sour,6610
sour,7190
sour,3460
sour,1314
sour,3469
sour,9119
sour,9111
sour,9110
sour,9113
sour,9112
sour,9115
sour,9114
sour,2121
sour,2120
sour,2123
sour,2122
sour,2125
sour,2124
sour,2127
sour,2126
sour,2129
sour,944
sour,945
sour,4912
sour,943
sour,4910
sour,4911
sour,130
sour,3412
sour,3413
sour,3410
sour,3411
sour,139
sour,3419
sour,7254
sour,3563
sour,3560
sour,3561
sour,7250
sour,7251
sour,7252
sour,7253
sour,3569
sour,7259
sour,7139
sour,7131
sour,7130
sour,7133
sour,7132
sour,7134
sour,586
sour,584
sour,582
sour,583
sour,580
sour,581
sour,7624
sour,7621
sour,7620
sour,7623
sour,7622
sour,7629
sour,459
sour,450
sour,451
sour,452
sour,8119
sour,8112
sour,8110
sour,8111
sour,657
sour,653
sour,650
sour,658
sour,659
sour,5891
sour,5899
sour,4919
sour,942
sour,940
sour,6629
sour,6622
sour,6620
sour,6621
sour,320
sour,3629
sour,3621
sour,3620
sour,3623
sour,3622
sour,3625
sour,3624
sour,3627
sour,3626
sour,949
sour,3715
sour,3714
sour,3716
sour,3711
sour,3710
sour,3713
sour,3712
sour,3719
sour,2249
sour,2240
sour,2241
sour,2242
sour,9270
sour,9271
sour,9272
sour,9273
sour,9274
sour,9275
sour,9276
sour,9277
sour,9278
sour,9279
sour,5142
sour,5140
sour,5141
sour,120
sour,128
sour,7533
sour,7952
sour,7244
sour,7243
sour,7242
sour,7241
sour,7240
sour,3571
sour,3570
sour,3573
sour,3572
sour,5320
sour,5321
sour,5329
sour,1644
sour,1641
sour,1640
sour,1643
sour,1642
sour,1649
sour,1838
sour,579
sour,1839
sour,573
sour,570
sour,4229
sour,576
sour,575
sour,574
sour,6249
sour,939
sour,730
sour,469
sour,465
sour,464
sour,466
sour,461
sour,460
sour,463
sour,462
sour,933
sour,932
sour,931
sour,930
sour,7330
sour,6550
sour,6551
sour,6552
sour,6639
sour,6631
sour,6630
sour,350
sour,358
sour,6124
sour,6121
sour,6120
sour,6123
sour,6122
sour,6129
sour,3760
sour,3761
sour,3762
sour,3763
sour,3764
sour,3765
sour,3766
sour,3769
sour,2259
sour,2253
sour,2252
sour,2251
sour,2250
sour,5159
sour,9262
sour,9261
sour,9260
sour,5151
sour,5150
sour,5153
sour,5152
sour,5155
sour,5154
sour,5157
sour,5156
sour,110
sour,7312
sour,3214
sour,3215
sour,484
sour,3210
sour,3211
sour,3212
sour,3213
sour,483
sour,3219
sour,480
sour,569
sour,560
sour,561
sour,562
sour,5429
sour,5421
sour,5420
sour,5423
sour,5422
sour,1748
sour,1749
sour,720
sour,1744
sour,1740
sour,1741
sour,1742
sour,1743
sour,7291
sour,7292
sour,7293
sour,80
sour,40
sour,1299
sour,1292
sour,1293
sour,1291
sour,1296
sour,1294
sour,1295
sour,3191
sour,6544
sour,6543
sour,6542
sour,6541
sour,6540
sour,6549
sour,472
sour,473
sour,470
sour,471
sour,3193
sour,3192
sour,474
sour,3190
sour,479
sour,3199
socc,29-2052
socc,27-1013
socc,29-2051
socc,29-2056
socc,29-2057
socc,29-2054
socc,29-2053
socc,13-1131
socc,47-2121
socc,47-5099
socc,51-7011
socc,27-1012
socc,19-4031
socc,11-3021
socc,39-9011
socc,41-2021
socc,53-4031
socc,35-9031
socc,11-9051
socc,47-2081
socc,43-5021
socc,27-1019
socc,39-3021
socc,51-2031
socc,47-2072
socc,47-2073
socc,11-9111
socc,39-5093
socc,39-4031
socc,29-2021
socc,51-9141
socc,25-4021
socc,25-1011
socc,51-9021
socc,51-9023
socc,51-9022
socc,41-9021
socc,41-9022
socc,27-3043
socc,27-3099
socc,47-4021
socc,43-5111
socc,33-1011
socc,33-1012
socc,51-4052
socc,51-4051
socc,41-9031
socc,47-1011
socc,51-4192
socc,51-4193
socc,51-4191
socc,43-5053
socc,43-5052
socc,43-5051
socc,41-1011
socc,41-1012
socc,47-4041
socc,25-9031
socc,25-1126
socc,25-1125
socc,25-1124
socc,25-1123
socc,25-1122
socc,25-1121
socc,27-2032
socc,51-2021
socc,51-2022
socc,51-2023
socc,15-2011
socc,21-1099
socc,19-3099
socc,29-1131
socc,19-3094
socc,13-2011
socc,19-3092
socc,19-3093
socc,19-3091
socc,41-9091
socc,49-9021
socc,51-6011
socc,49-9011
socc,41-2022
socc,41-9099
socc,43-4151
socc,23-2091
socc,23-2093
socc,37-2021
socc,43-4011
socc,43-2021
socc,49-3041
socc,49-3042
socc,49-3043
socc,17-2051
socc,17-2199
socc,55-1019
socc,55-1014
socc,55-1015
socc,55-1016
socc,55-1017
socc,55-1011
socc,55-1012
socc,55-1013
socc,19-2011
socc,25-2054
socc,19-2012
socc,51-2091
socc,25-2053
socc,51-2093
socc,51-2092
socc,43-9051
socc,51-2099
socc,17-1011
socc,51-8093
socc,17-2171
socc,39-3019
socc,51-8091
socc,53-6031
socc,11-3061
socc,47-5021
socc,31-2012
socc,31-2011
socc,11-9151
socc,53-2021
socc,27-3091
socc,13-2081
socc,13-2071
socc,37-1011
socc,37-1012
socc,13-2072
socc,43-3051
socc,39-3012
socc,45-2099
socc,49-2091
socc,49-2092
socc,49-2093
socc,49-2094
socc,49-2095
socc,49-2096
socc,49-2097
socc,49-2098
socc,43-5081
socc,41-3099
socc,19-3041
socc,45-4023
socc,39-9021
socc,29-2055
socc,29-2061
socc,51-6021
socc,43-5011
socc,29-9099
socc,29-9092
socc,29-9091
socc,19-4061
socc,33-2011
socc,29-2092
socc,45-2092
socc,29-2091
socc,11-9021
socc,29-1011
socc,29-2099
socc,17-3021
socc,51-8092
socc,17-3023
socc,17-3022
socc,17-3025
socc,17-3024
socc,17-3027
socc,17-3026
socc,17-3029
socc,51-8099
socc,25-1043
socc,49-2021
socc,25-1041
socc,25-1042
socc,49-2022
socc,13-1199
socc,13-1051
socc,49-9081
socc,51-6051
socc,51-6052
socc,49-1011
socc,25-1194
socc,25-1192
socc,25-1193
socc,25-1191
socc,15-1141
socc,51-1011
socc,27-2023
socc,27-2022
socc,25-1199
socc,49-9064
socc,45-2011
socc,49-9062
socc,49-9063
socc,33-3041
socc,49-9069
socc,53-7121
socc,47-2142
socc,47-2011
socc,47-2022
socc,45-4021
socc,29-1141
socc,35-2015
socc,35-2014
socc,35-2013
socc,35-2012
socc,35-2011
socc,35-2019
socc,53-3099
socc,55-2011
socc,55-2013
socc,55-2012
socc,25-3011
socc,49-3092
socc,51-9083
socc,51-9082
socc,51-9081
socc,25-2011
socc,43-2099
socc,43-4061
socc,17-2131
socc,29-1051
socc,25-1021
socc,35-1012
socc,27-2031
socc,19-1029
socc,25-9099
socc,19-1021
socc,19-1023
socc,47-5061
socc,53-7199
socc,53-7051
socc,11-1031
socc,37-3012
socc,37-3013
socc,37-3011
socc,43-4111
socc,17-1022
socc,17-1021
socc,15-1142
socc,37-3019
socc,15-1143
socc,47-5081
socc,31-1013
socc,31-1011
socc,39-4021
socc,31-1014
socc,31-1015
socc,27-2021
socc,19-4021
socc,11-3031
socc,41-2031
socc,37-2019
socc,53-2012
socc,53-2011
socc,51-7021
socc,11-9061
socc,37-2012
socc,47-2041
socc,47-2043
socc,39-3031
socc,47-2044
socc,47-5013
socc,47-5012
socc,47-5011
socc,39-9099
socc,13-1011
socc,11-9081
socc,19-3011
socc,11-2031
socc,35-3011
socc,29-2034
socc,29-2035
socc,27-1027
socc,15-2099
socc,29-2031
socc,29-2032
socc,29-2033
socc,51-9032
socc,53-4011
socc,51-9031
socc,15-2091
socc,47-4011
socc,53-4013
socc,19-4051
socc,33-1021
socc,29-2012
socc,35-3022
socc,41-9011
socc,41-9012
socc,51-4041
socc,51-3011
socc,47-2211
socc,13-1121
socc,27-3041
socc,27-3042
socc,53-4041
socc,13-1081
socc,43-5041
socc,25-2051
socc,29-1061
socc,51-9071
socc,47-4051
socc,25-9021
socc,29-1067
socc,27-4012
socc,27-4013
socc,27-4011
socc,25-4011
socc,27-4014
socc,53-4099
socc,19-2099
socc,47-2141
socc,15-1111
socc,51-2011
socc,51-9041
socc,47-2131
socc,51-4194
socc,39-1012
socc,39-1011
socc,33-3012
socc,33-3011
socc,43-4141
socc,53-7011
socc,17-2041
socc,47-3016
socc,39-7011
socc,39-7012
socc,53-3021
socc,53-3022
socc,25-2023
socc,25-2022
socc,25-2021
socc,43-9041
socc,49-9031
socc,17-2141
socc,13-2099
socc,27-1011
socc,43-3031
socc,53-6021
socc,33-9011
socc,11-3071
socc,39-6012
socc,39-6011
socc,47-5051
socc,13-2061
socc,11-9141
socc,25-4031
socc,43-4021
socc,43-3041
socc,55-3016
socc,55-3017
socc,55-3014
socc,55-3015
socc,55-3012
socc,55-3013
socc,51-7032
socc,53-1011
socc,51-3023
socc,51-3022
socc,51-3021
socc,19-3051
socc,51-4035
socc,51-4034
socc,55-3018
socc,55-3019
socc,39-9031
socc,39-9032
socc,21-1029
socc,29-2071
socc,21-1022
socc,21-1023
socc,21-1021
socc,11-9032
socc,11-9033
socc,53-6051
socc,11-9031
socc,45-1011
socc,19-4011
socc,11-9039
socc,51-6091
socc,13-1161
socc,11-9131
socc,17-3031
socc,25-1071
socc,25-2012
socc,25-1072
socc,41-3031
socc,13-1023
socc,13-1022
socc,13-1021
socc,27-1014
socc,19-3022
socc,41-3041
socc,25-3099
socc,41-9041
socc,51-6042
socc,29-1031
socc,51-6041
socc,11-9121
socc,15-1133
socc,15-1132
socc,15-1131
socc,47-2181
socc,15-1134
socc,15-2041
socc,51-4081
socc,45-2021
socc,25-9011
socc,49-9052
socc,33-3052
socc,47-2021
socc,33-3051
socc,49-3031
socc,27-4021
socc,51-8031
socc,21-2099
socc,35-2021
socc,53-7111
socc,19-2042
socc,19-2043
socc,19-2041
socc,43-4199
socc,51-2041
socc,43-9081
socc,29-1151
socc,31-9011
socc,47-4099
socc,15-2031
socc,29-1021
socc,47-4091
socc,51-6031
socc,45-2093
socc,11-3131
socc,43-4171
socc,43-4071
socc,23-1021
socc,23-1022
socc,23-1023
socc,19-1032
socc,19-1031
socc,51-6064
socc,39-1021
socc,39-5012
socc,33-3021
socc,39-5011
socc,53-7061
socc,53-7063
socc,13-2021
socc,53-7064
socc,47-2053
socc,43-9031
socc,51-9061
socc,19-2032
socc,19-2031
socc,49-2011
socc,17-2031
socc,47-2051
socc,49-9097
socc,39-4011
socc,35-9011
socc,13-1031
socc,29-1022
socc,53-6061
socc,13-1032
socc,29-1023
socc,47-2231
socc,51-3099
socc,31-9092
socc,51-3092
socc,51-3093
socc,53-6011
socc,51-3091
socc,15-1151
socc,19-3031
socc,43-3071
socc,25-4012
socc,23-2099
socc,25-4013
socc,13-2053
socc,13-2052
socc,13-2051
socc,27-3012
socc,29-1024
socc,25-1031
socc,27-3011
socc,25-1032
socc,29-1181
socc,11-2021
socc,11-2022
socc,29-1029
socc,51-9121
socc,51-9122
socc,21-1014
socc,21-1013
socc,21-1012
socc,21-1011
socc,35-3031
socc,53-1021
socc,19-4041
socc,39-9041
socc,47-2132
socc,49-9061
socc,39-2021
socc,21-1015
socc,47-2221
socc,25-1081
socc,25-1082
socc,51-9123
socc,43-5071
socc,51-4071
socc,51-4072
socc,19-1022
socc,13-2031
socc,27-2099
socc,13-1074
socc,13-1075
socc,13-1071
socc,51-7031
socc,51-9195
socc,51-9194
socc,51-9197
socc,51-9196
socc,51-9191
socc,51-9193
socc,51-9192
socc,55-3011
socc,51-9199
socc,51-9198
socc,51-4031
socc,53-3011
socc,21-1019
socc,43-9199
socc,51-4033
socc,11-9071
socc,51-4032
socc,33-9099
socc,29-1071
socc,43-4131
socc,43-4081
socc,33-9092
socc,33-9093
socc,99-9999
socc,53-3032
socc,13-1111
socc,53-3031
socc,53-7021
socc,25-9041
socc,47-2082
socc,43-9071
socc,29-1161
socc,17-2071
socc,47-2151
socc,17-2072
socc,25-2031
socc,25-2032
socc,47-4061
socc,49-9012
socc,51-5112
socc,19-4093
socc,19-4092
socc,19-4091
socc,27-4099
socc,43-4041
socc,39-3011
socc,19-4099
socc,43-3021
socc,17-2151
socc,33-9021
socc,51-6092
socc,53-4021
socc,47-5041
socc,47-5042
socc,45-4011
socc,11-1011
socc,45-2041
socc,49-3093
socc,47-5049
socc,49-3091
socc,13-1151
socc,51-6099
socc,43-4031
socc,25-2052
socc,27-1024
socc,27-1025
socc,27-1026
socc,49-9045
socc,29-2041
socc,27-1021
socc,35-9021
socc,53-4012
socc,11-9199
socc,29-1063
socc,53-5011
socc,29-1066
socc,27-1029
socc,29-1064
socc,29-1065
socc,41-2011
socc,41-2012
socc,47-3019
socc,43-3099
socc,47-3014
socc,49-9041
socc,47-3011
socc,47-3013
socc,47-3012
socc,11-9041
socc,29-1062
socc,53-6041
socc,17-1012
socc,43-5031
socc,43-5032
socc,27-2041
socc,47-2061
socc,51-8012
socc,25-2059
socc,19-1099
socc,51-4111
socc,29-1069
socc,15-1199
socc,51-9011
socc,51-9012
socc,41-3021
socc,19-3039
socc,25-1069
socc,25-1066
socc,25-1067
socc,25-1064
socc,25-1065
socc,25-1062
socc,25-1063
socc,19-3032
socc,25-1061
socc,27-2042
socc,39-2011
socc,31-9099
socc,45-2091
socc,51-9151
socc,31-9093
socc,31-9091
socc,31-9096
socc,31-9097
socc,31-9094
socc,31-9095
socc,15-1121
socc,15-1122
socc,51-4022
socc,51-4023
socc,51-4021
socc,27-3022
socc,27-3021
socc,43-6012
socc,43-6013
socc,51-6093
socc,43-6011
socc,41-4012
socc,43-6014
socc,41-4011
socc,49-3022
socc,49-3023
socc,49-9044
socc,49-3021
socc,49-9043
socc,47-4031
socc,27-4031
socc,27-4032
socc,51-8021
socc,47-2161
socc,29-1129
socc,29-1128
socc,29-1081
socc,27-1022
socc,29-1122
socc,43-4181
socc,29-1127
socc,29-1126
socc,29-1125
socc,29-1124
socc,29-1123
socc,21-2011
socc,15-2021
socc,33-1099
socc,11-3121
socc,43-4161
socc,27-1023
socc,37-2011
socc,53-6099
socc,49-9051
socc,19-1042
socc,19-1041
socc,53-7072
socc,53-7073
socc,53-7071
socc,51-7099
socc,23-1011
socc,33-3031
socc,43-1011
socc,23-1012
socc,17-2021
socc,47-2111
socc,39-5094
socc,47-2042
socc,39-5092
socc,19-2021
socc,39-5091
socc,43-9022
socc,43-9021
socc,17-2161
socc,29-2081
socc,21-1094
socc,21-1093
socc,21-1092
socc,21-1091
socc,47-2171
socc,17-2081
socc,11-3011
socc,53-2031
socc,51-5111
socc,53-7062
socc,23-2011
socc,45-3021
socc,35-9099
socc,17-2112
socc,43-3061
socc,45-4029
socc,17-2111
socc,45-3011
socc,47-5031
socc,45-4022
socc,53-7081
socc,13-2041
socc,25-1022
socc,53-5022
socc,53-5021
socc,29-1199
socc,11-2011
socc,53-2022
socc,15-1152
socc,51-4012
socc,51-4011
socc,51-9051
socc,35-3041
socc,47-2071
socc,51-9111
socc,53-1031
socc,29-2011
socc,43-5061
socc,43-9111
socc,13-1141
socc,51-7041
socc,33-2021
socc,33-2022
socc,51-7042
socc,51-4062
socc,51-4061
socc,11-9013
socc,17-3011
socc,17-3012
socc,17-3013
socc,25-3021
socc,17-3019
socc,21-2021
socc,13-1041
socc,25-1054
socc,25-1053
socc,25-1052
socc,25-1051
socc,47-2031
socc,51-4122
socc,51-4121
socc,25-1112
socc,25-1113
socc,25-1111
socc,51-6061
socc,51-6062
socc,51-6063
socc,49-9099
socc,49-9098
socc,49-9095
socc,49-9094
socc,41-3011
socc,49-9096
socc,49-9091
socc,49-9093
socc,49-9092
socc,35-1011
socc,29-9012
socc,29-9011
socc,27-2011
socc,27-2012
socc,49-3011
socc,51-4199
socc,49-9071
socc,53-5031
socc,43-4121
socc,29-1041
socc,47-2152
socc,53-3041
socc,53-7041
socc,53-7032
socc,53-7033
socc,53-7031
socc,13-2082
socc,43-2011
socc,27-3031
socc,43-9061
socc,29-1171
socc,51-8013
socc,49-3053
socc,51-8011
socc,17-2061
socc,49-3052
socc,47-4071
socc,49-3051
socc,11-3051
socc,43-4051
socc,43-3011
socc,17-2121
socc,33-9091
socc,31-2022
socc,51-5113
socc,31-2021
socc,11-3111
socc,11-9161
socc,33-9032
socc,33-9031
socc,11-1021
socc,39-3091
socc,39-3092
socc,39-3093
socc,39-3099
socc,47-5071
socc,19-1011
socc,19-1012
socc,19-1013
socc,35-3021
socc,43-9011
socc,47-3015
socc,17-2011
socc,53-3033
natu,2631
natu,3259
natu,3250
natu,3251
natu,3252
natu,3253
natu,3254
natu,340
natu,341
natu,342
natu,349
natu,1521
natu,2910
natu,2911
natu,2912
natu,2919
natu,5261
natu,5260
natu,5269
natu,299
natu,290
natu,1129
natu,1120
natu,1121
natu,191
natu,190
natu,193
natu,270
natu,271
natu,194
natu,279
natu,524
natu,525
natu,2383
natu,2269
natu,520
natu,521
natu,522
natu,523
natu,2739
natu,2260
natu,2261
natu,528
natu,529
natu,2442
natu,2443
natu,2440
natu,2441
natu,1230
natu,1231
natu,1232
natu,1233
natu,2449
natu,4219
natu,4218
natu,1849
natu,1841
natu,30
natu,35
natu,1533
natu,1532
natu,438
natu,439
natu,432
natu,433
natu,430
natu,431
natu,2734
natu,2613
natu,2612
natu,2611
natu,2610
natu,330
natu,333
natu,332
natu,3299
natu,5139
natu,5138
natu,3294
natu,5111
natu,2389
natu,3290
natu,5132
natu,3292
natu,3293
natu,2732
natu,2733
natu,2453
natu,2738
natu,2630
natu,1991
natu,1992
natu,1999
natu,1962
natu,239
natu,230
natu,231
natu,232
natu,2341
natu,2340
natu,2342
natu,1310
natu,2349
natu,3140
natu,619
natu,142
natu,143
natu,140
natu,141
natu,610
natu,148
natu,149
natu,1319
natu,5173
natu,5172
natu,5171
natu,5170
natu,5174
natu,5179
natu,5178
natu,133
natu,132
natu,130
natu,134
natu,139
natu,138
natu,1832
natu,1833
natu,1830
natu,1831
natu,20
natu,2330
natu,1834
natu,1839
natu,2457
natu,1951
natu,1950
natu,1953
natu,1952
natu,1959
natu,1958
natu,4138
natu,4139
natu,3249
natu,3243
natu,3242
natu,4132
natu,3240
natu,4134
natu,3245
natu,3244
natu,393
natu,392
natu,391
natu,390
natu,399
natu,1712
natu,1711
natu,1710
natu,1719
natu,1718
natu,7
natu,1139
natu,1131
natu,1130
natu,241
natu,240
natu,2839
natu,1311
natu,2832
natu,2831
natu,2830
natu,519
natu,518
natu,2379
natu,510
natu,2370
natu,2371
natu,2372
natu,622
natu,620
natu,2459
natu,2458
natu,1221
natu,1220
natu,2455
natu,2454
natu,629
natu,2456
natu,2451
natu,2450
natu,1229
natu,2452
natu,179
natu,178
natu,170
natu,180
natu,181
natu,185
natu,189
natu,10
natu,3141
natu,6213
natu,6212
natu,6211
natu,6210
natu,6219
natu,1973
natu,1972
natu,3149
natu,3232
natu,3233
natu,3230
natu,3236
natu,3237
natu,3234
natu,3235
natu,1964
natu,1965
natu,1966
natu,3239
natu,1960
natu,1961
natu,4169
natu,1963
natu,320
natu,2239
natu,2331
natu,2332
natu,2231
natu,2230
natu,2232
natu,1681
natu,1680
natu,1689
natu,229
natu,4212
natu,2381
natu,3129
natu,2380
natu,3122
natu,3123
natu,3120
natu,3121
natu,2382
natu,2249
natu,2244
natu,8
natu,2240
natu,2241
natu,2242
natu,2243
natu,2444
natu,1312
natu,5148
natu,5149
natu,5142
natu,5140
natu,5141
natu,120
natu,2262
natu,124
natu,125
natu,128
natu,129
natu,1829
natu,1821
natu,1820
natu,1822
natu,414
natu,415
natu,410
natu,411
natu,419
natu,313
natu,311
natu,310
natu,4211
natu,4210
natu,4128
natu,4213
natu,4122
natu,4121
natu,4120
natu,369
natu,366
natu,364
natu,365
natu,362
natu,363
natu,360
natu,361
natu,1238
natu,5114
natu,3311
natu,3310
natu,3312
natu,21
natu,3319
natu,1728
natu,1729
natu,1724
natu,1725
natu,1722
natu,1723
natu,1720
natu,1721
natu,60
natu,259
natu,252
natu,69
natu,250
natu,251
natu,256
natu,254
natu,255
natu,2369
natu,2362
natu,2361
natu,2360
natu,1212
natu,2429
natu,1210
natu,1211
natu,2420
natu,2421
natu,1218
natu,1219
natu,169
natu,160
natu,161
natu,162
natu,2899
natu,2894
natu,2891
natu,2890
natu,2893
natu,2892
natu,1519
natu,1511
natu,1510
natu,1513
natu,1512
natu,5115
natu,2735
natu,2736
natu,5116
natu,2639
natu,5110
natu,5113
natu,5112
natu,5119
natu,5118
natu,2632
natu,2741
natu,2740
natu,2749
natu,1531
natu,1530
natu,1968
natu,1969
natu,3229
natu,4161
natu,1979
natu,1978
natu,1974
natu,3221
natu,3220
natu,1971
natu,1539
natu,1967
natu,6121
natu,6120
natu,6122
natu,339
natu,6129
natu,6128
natu,280
natu,282
natu,262
natu,260
natu,264
natu,269
natu,2499
natu,59
natu,58
natu,2491
natu,2490
natu,2493
natu,2492
natu,2494
natu,4130
natu,2259
natu,4131
natu,2256
natu,2255
natu,2254
natu,2253
natu,3241
natu,2251
natu,2250
natu,5159
natu,5158
natu,4133
natu,5151
natu,5150
natu,5153
natu,5152
natu,50
natu,9999
natu,111
natu,110
natu,253
natu,2723
natu,119
natu,118
natu,5133
natu,3291
natu,5168
natu,1520
natu,5131
natu,1522
natu,1523
natu,420
natu,5130
natu,1529
natu,3261
natu,3260
natu,5128
natu,5129
natu,3269
natu,5120
natu,5121
natu,5122
natu,5123
natu,4299
natu,4298
natu,4291
natu,4290
natu,2252
natu,1840
natu,1739
natu,1738
natu,3210
natu,3211
natu,3212
natu,1731
natu,1730
natu,1733
natu,1732
natu,3219
natu,2815
natu,2814
natu,2811
natu,2810
natu,2813
natu,2812
natu,2819
natu,1591
natu,1590
natu,1593
natu,1592
natu,1599
natu,222
natu,221
natu,220
natu,6118
natu,6119
natu,6110
natu,6111
natu,6112
natu,6113
natu,2359
natu,2339
natu,2352
natu,2353
natu,2350
natu,2351
natu,150
natu,2433
natu,2432
natu,2431
natu,2430
natu,2730
natu,2422
natu,5160
natu,5161
natu,5162
natu,5163
natu,5164
natu,2722
natu,2721
natu,2720
natu,2731
natu,5169
natu,2729
natu,3197
natu,3196
natu,3195
natu,3194
natu,3193
natu,3192
natu,3191
natu,3190
natu,3199
